{"scaler_mean": [0.25, 0.85, 0.4, 0.2, 0.15, 0.8, 34.9378, 34.494, 134.4264, 26.885279999999998, 1207.829, 34.3902, 35.296, 22.8002, 26.256, 15.684, 1212.3692, 787.8012, 909.7698, 538.6602, 801.1084, 921.6422, 552.362, 624.7008, 369.0846, 419.9596], "scaler_scale": [0.4330127018922193, 0.35707142142714254, 0.4898979485566356, 0.4000000000000001, 0.3570714214271425, 0.4, 3.404163797469211, 3.5869714244749704, 14.618077268916046, 2.923615453783209, 188.82222157097928, 3.377150272048906, 3.1636662276542387, 6.8126265096510314, 6.43711612447686, 4.032238088208582, 151.624799064533, 255.46087465316484, 264.6493733375539, 144.72139004293734, 242.52040130562213, 220.8715286748385, 147.4561567246346, 301.04761895647005, 176.85509052000737, 171.5960965984949], "columns": ["RIASEC_R", "RIASEC_I", "RIASEC_A", "RIASEC_S", "RIASEC_E", "RIASEC_C", "Problem_Solving", "Critical_Thinking", "Big_Five_Sum", "Big_Five_Mean", "Problem_x_Critical", "Big_Five_O", "Big_Five_C", "Big_Five_E", "Big_Five_A", "Big_Five_N", "Big_Five_O Big_Five_C", "Big_Five_O Big_Five_E", "Big_Five_O Big_Five_A", "Big_Five_O Big_Five_N", "Big_Five_C Big_Five_E", "Big_Five_C Big_Five_A", "Big_Five_C Big_Five_N", "Big_Five_E Big_Five_A", "Big_Five_E Big_Five_N", "Big_Five_A Big_Five_N"], "RIASEC_classes": ["R", "I", "A", "S", "E", "C"], "job_titles": ["BI Developer", "Backend Developer", "Cloud Solutions Architect", "Cybersecurity Analyst", "Data Analyst", "Data Scientist", "DevOps Engineer", "Frontend Developer", "Full Stack Developer", "Game Developer", "Machine Learning Engineer", "Mobile App Developer", "Network Engineer", "Product Manager", "Project Manager (Tech)", "QA/Test Engineer", "Site Reliability Engineer", "Systems Administrator", "Technical Writer", "UI/UX Designer"]}